return_id,source,true_reason,true_detail,true_area,multiple_reasons,secondary_reason,language,scenario,planted_pattern
R-104001,dropdown,fit,too_small,,no,,none,dropdown_only,P2 V-12 Kids T-shirt runs small
R-104002,dropdown,wrong_or_damaged,,,no,,none,dropdown_only,P2 V-12 Kids T-shirt runs small
R-104003,other_text,unclear,,,no,,hinglish,vague_or_junk,
R-104004,dropdown,fit,too_small,,no,,none,dropdown_only,
R-104005,dropdown,fit,too_small,,no,,none,dropdown_only,
R-104006,dropdown,fit,too_large,,no,,none,dropdown_only,
R-104007,dropdown,quality,unspecified,,no,,none,dropdown_only,
R-104008,other_text,fit,too_small,overall,no,,english,template,
R-104009,dropdown,fit,too_large,,no,,none,dropdown_only+duplicate_row,
R-104010,other_text,changed_mind,,,no,,hinglish,template,
R-104011,other_text,delivery,,,no,,hinglish,template,
R-104012,dropdown,wrong_or_damaged,,,no,,none,dropdown_only,
R-104013,other_text,fit,too_large,overall,no,,hinglish,template,
R-104014,dropdown,quality,unspecified,,no,,none,dropdown_only,
R-104015,dropdown,wrong_or_damaged,,,no,,none,dropdown_only,
R-104016,dropdown,fit,too_large,,no,,none,dropdown_only,
R-104017,other_text,quality,tear_or_defect,,no,,english,template,
R-104018,other_text,fit,too_large,waist,no,,english,template,
R-104019,dropdown,quality,unspecified,,no,,none,dropdown_only,P4 V-31 Men's T-shirt shrinks
R-104020,other_text,fit,too_large,waist,no,,english,template,
R-104021,other_text,fit,too_large,overall,no,,hinglish,template,
R-104022,other_text,fit,too_small,overall,no,,hinglish,template,
R-104023,dropdown,fit,too_small,,no,,none,dropdown_only,
R-104024,dropdown,changed_mind,,,no,,english,dropdown_plus_text,
R-104025,other_text,fit,too_small,overall,no,,hinglish,template,
R-104026,other_text,fit,too_small,overall,no,,other_script,other_indian_script,
R-104027,other_text,fit,too_small,overall,no,,english,template,
R-104028,other_text,fit,too_small,overall,yes,not_as_shown,english,two_reasons,
R-104029,dropdown,quality,unspecified,,no,,none,dropdown_only,
R-104030,other_text,fit,too_small,overall,no,,hinglish,boundary_label,
R-104031,dropdown,fit,too_large,,no,,none,dropdown_only,
R-104032,dropdown,fit,too_large,,no,,none,missing_size,
R-104033,other_text,fit,too_large,sleeves,no,,hinglish,template,
R-104034,other_text,quality,stitching,,yes,not_as_shown,hinglish,two_reasons,
R-104035,dropdown,fit,too_small,,no,,none,dropdown_only,
R-104036,dropdown,quality,unspecified,,no,,none,dropdown_only,
R-104037,dropdown,fit,too_small,,no,,none,dropdown_only,
R-104038,other_text,wrong_or_damaged,,,no,,hinglish,template,
R-104039,dropdown,quality,unspecified,,no,,none,dropdown_only,
R-104040,other_text,quality,shrinkage,,no,,hinglish,template,P4 V-31 Men's T-shirt shrinks
R-104041,other_text,fit,too_small,shoulders,no,,hinglish,template,
R-104042,other_text,fit,too_small,length,no,,devanagari,template,
R-104043,other_text,fit,too_small,length,yes,quality,hinglish,two_reasons,
R-104044,other_text,quality,thin_fabric,,no,,devanagari,template,
R-104045,dropdown,quality,unspecified,,no,,none,dropdown_only,
R-104046,dropdown,fit,too_small,,no,,none,dropdown_only,
R-104047,dropdown,changed_mind,,,no,,none,dropdown_only,
R-104048,other_text,fit,too_small,length,no,,english,template,
R-104049,other_text,fit,too_small,waist,no,,hinglish,template,
R-104050,dropdown,fit,too_large,,no,,none,dropdown_only,P3 V-23 Palazzo runs long
R-104051,dropdown,quality,unspecified,,no,,none,dropdown_only,P4 V-31 Men's T-shirt shrinks
R-104052,other_text,fit,too_small,overall,no,,devanagari,template,
R-104053,dropdown,fit,too_small,,no,,none,dropdown_only,
R-104054,other_text,fit,too_small,overall,no,,english,template,
R-104055,other_text,quality,unspecified,,no,,english,template,
R-104056,dropdown,fit,too_small,,no,,none,dropdown_only,
R-104057,other_text,fit,too_small,hips,no,,hinglish,template,
R-104058,other_text,fit,too_large,length,no,,hinglish,template,P3 V-23 Palazzo runs long
R-104059,other_text,fit,too_small,hips,no,,hinglish,template,
R-104060,dropdown,not_as_shown,unspecified,,no,,none,dropdown_only,
R-104061,other_text,unclear,,,no,,none,symbols_or_emoji,
R-104062,dropdown,quality,unspecified,,no,,none,dropdown_only,
R-104063,other_text,fit,too_small,overall,no,,hinglish,boundary_label,
R-104064,dropdown,wrong_or_damaged,,,no,,none,dropdown_only,
R-104065,other_text,fit,unclear,unclear,no,,hinglish,template,
R-104066,other_text,fit,too_small,overall,no,,hinglish,template,
R-104067,dropdown,quality,unspecified,,no,,none,dropdown_only,
R-104068,dropdown,wrong_or_damaged,,,no,,none,dropdown_only,
R-104069,other_text,not_as_shown,colour,,no,,hinglish,template,
R-104070,dropdown,fit,too_small,,no,,none,dropdown_only,
R-104071,dropdown,wrong_or_damaged,,,no,,none,dropdown_only,
R-104072,other_text,fit,too_small,sleeves,no,,hinglish,template,
R-104073,dropdown,wrong_or_damaged,,,no,,none,dropdown_only,
R-104074,other_text,wrong_or_damaged,,,no,,english,template,
R-104075,other_text,fit,too_large,length,no,,hinglish,template,
R-104076,other_text,unclear,,,no,,none,blank,
R-104077,dropdown,delivery,,,no,,none,dropdown_only,
R-104078,dropdown,fit,too_large,,no,,none,dropdown_only,
R-104079,other_text,not_as_shown,colour,,yes,fit,hinglish,two_reasons,
R-104080,dropdown,fit,too_small,,no,,none,dropdown_only,P1 V-07 Kurti runs small at bust
R-104081,dropdown,fit,too_small,,no,,none,dropdown_only,
R-104082,dropdown,wrong_or_damaged,,,no,,none,dropdown_only,
R-104083,dropdown,fit,too_small,,no,,none,dropdown_only,
R-104084,other_text,not_as_shown,colour,,no,,hinglish,template,P5 V-18 Saree colour differs
R-104085,other_text,fit,too_large,length,no,,english,template,P3 V-23 Palazzo runs long
R-104086,dropdown,wrong_or_damaged,,,no,,none,dropdown_only,
R-104087,dropdown,fit,too_small,,no,,none,dropdown_only,P1 V-07 Kurti runs small at bust
R-104088,dropdown,fit,too_large,,no,,none,dropdown_only,
R-104089,dropdown,fit,too_small,,no,,none,dropdown_only,
R-104090,dropdown,fit,too_small,,no,,none,dropdown_only,P2 V-12 Kids T-shirt runs small
R-104091,other_text,fit,too_small,overall,no,,devanagari,template,
R-104092,other_text,fit,unclear,unclear,no,,hinglish,template,
R-104093,dropdown,not_as_shown,unspecified,,no,,none,dropdown_only,P5 V-18 Saree colour differs
R-104094,dropdown,fit,too_large,,no,,none,dropdown_only,
R-104095,other_text,fit,too_small,overall,no,,hinglish,template,
R-104096,dropdown,fit,too_small,,no,,none,dropdown_only,
R-104097,dropdown,quality,unspecified,,no,,none,dropdown_only,
R-104098,other_text,wrong_or_damaged,,,yes,delivery,hinglish,two_reasons,
R-104099,dropdown,changed_mind,,,no,,none,dropdown_only,
R-104100,dropdown,quality,unspecified,,no,,none,dropdown_only,
R-104101,other_text,fit,too_small,overall,no,,devanagari,template,P4 V-31 Men's T-shirt shrinks
R-104102,dropdown,not_as_shown,unspecified,,no,,none,dropdown_only,
R-104103,other_text,unclear,,,no,,none,symbols_or_emoji+duplicate_row,
R-104104,other_text,fit,too_small,overall,no,,other_script,other_indian_script,
R-104105,other_text,fit,too_small,overall,no,,english,template,
R-104106,dropdown,quality,unspecified,,no,,none,dropdown_only,
R-104107,other_text,fit,too_large,bust,no,,hinglish,template,
R-104108,other_text,fit,too_large,overall,no,,hinglish,template,
R-104109,other_text,unclear,,,no,,none,symbols_or_emoji,
R-104110,dropdown,quality,unspecified,,no,,none,dropdown_only,
R-104111,dropdown,quality,unspecified,,no,,none,dropdown_only,P4 V-31 Men's T-shirt shrinks
R-104112,dropdown,fit,too_small,,no,,none,dropdown_only,P2 V-12 Kids T-shirt runs small
R-104113,dropdown,quality,unspecified,,no,,none,dropdown_only,
R-104114,dropdown,wrong_or_damaged,,,no,,none,dropdown_only,
R-104115,other_text,not_as_shown,unspecified,,yes,quality,hinglish,two_reasons,
R-104116,dropdown,fit,too_small,,no,,none,dropdown_only,
R-104117,other_text,unclear,,,no,,english,vague_or_junk,P1 V-07 Kurti runs small at bust
R-104118,other_text,quality,shrinkage,,no,,english,template,P4 V-31 Men's T-shirt shrinks
R-104119,dropdown,fit,too_small,,no,,none,dropdown_only,
R-104120,other_text,fit,too_small,length,no,,hinglish,template,
R-104121,dropdown,fit,too_large,,no,,none,dropdown_only,
R-104122,dropdown,wrong_or_damaged,,,no,,none,dropdown_only,
R-104123,dropdown,fit,too_large,,no,,none,dropdown_only,
R-104124,dropdown,fit,too_large,,no,,none,dropdown_only,
R-104125,dropdown,quality,unspecified,,no,,none,dropdown_only,
R-104126,dropdown,wrong_or_damaged,,,no,,none,dropdown_only,
R-104127,dropdown,wrong_or_damaged,,,no,,none,dropdown_only,
R-104128,dropdown,fit,too_large,,no,,none,dropdown_only,
R-104129,other_text,fit,too_small,bust,no,,english,template,
R-104130,other_text,fit,unclear,unclear,no,,hinglish,template,
R-104131,other_text,wrong_or_damaged,,,no,,english,template,
R-104132,dropdown,fit,too_small,,no,,none,dropdown_only,
R-104133,other_text,fit,too_large,overall,no,,hinglish,template,
R-104134,dropdown,quality,unspecified,,no,,none,dropdown_only,
R-104135,other_text,fit,too_small,overall,no,,hinglish,template,
R-104136,dropdown,fit,too_small,,no,,none,dropdown_only,
R-104137,dropdown,quality,unspecified,,no,,none,dropdown_only,
R-104138,dropdown,fit,too_small,,no,,none,dropdown_only,
R-104139,dropdown,quality,unspecified,,no,,none,dropdown_only,P4 V-31 Men's T-shirt shrinks
R-104140,dropdown,fit,too_small,,no,,none,dropdown_only,P1 V-07 Kurti runs small at bust
R-104141,other_text,unclear,,,no,,hinglish,boundary_label,
R-104142,dropdown,quality,unspecified,,no,,none,dropdown_only,
R-104143,dropdown,fit,too_small,,no,,none,dropdown_only,
R-104144,other_text,quality,tear_or_defect,,no,,hinglish,template,
R-104145,dropdown,fit,too_small,,no,,none,dropdown_only,
R-104146,dropdown,wrong_or_damaged,,,no,,none,dropdown_only,
R-104147,other_text,fit,too_small,overall,no,,hinglish,template,
R-104148,other_text,fit,too_small,bust,no,,english,template,P1 V-07 Kurti runs small at bust
R-104149,dropdown,quality,unspecified,,no,,none,missing_size,
R-104150,other_text,unclear,,,no,,english,personal_details,
R-104151,dropdown,not_as_shown,unspecified,,no,,none,dropdown_only,
R-104152,dropdown,quality,unspecified,,no,,none,dropdown_only,
R-104153,other_text,fit,too_small,overall,no,,devanagari,template,
R-104154,other_text,quality,colour_bleed,,no,,hinglish,template,
R-104155,dropdown,fit,too_small,,no,,none,dropdown_only,
R-104156,dropdown,not_as_shown,unspecified,,no,,none,dropdown_only,
R-104157,dropdown,wrong_or_damaged,,,no,,none,dropdown_only,
R-104158,dropdown,quality,unspecified,,no,,none,dropdown_only,
R-104159,other_text,fit,too_large,length,no,,hinglish,template,P3 V-23 Palazzo runs long
R-104160,dropdown,fit,too_large,,no,,none,dropdown_only,
R-104161,other_text,fit,too_large,length,no,,hinglish,personal_details,
R-104162,other_text,unclear,,,no,,english,vague_or_junk,
R-104163,other_text,fit,too_large,bust,no,,english,template,
R-104164,dropdown,wrong_or_damaged,,,no,,none,dropdown_only,
R-104165,dropdown,fit,too_small,,no,,none,dropdown_only,
R-104166,dropdown,fit,too_large,,no,,none,dropdown_only,
R-104167,dropdown,fit,too_small,,no,,none,dropdown_only,
R-104168,other_text,unclear,,,no,,none,blank,
R-104169,dropdown,fit,too_large,,no,,none,dropdown_only,
R-104170,dropdown,fit,too_large,,no,,none,dropdown_only,
R-104171,other_text,fit,too_large,length,no,,english,template,P3 V-23 Palazzo runs long
R-104172,other_text,fit,too_small,sleeves,yes,quality,hinglish,two_reasons,
R-104173,other_text,fit,too_large,bust,no,,english,template,
R-104174,dropdown,fit,too_small,,no,,none,dropdown_only,P1 V-07 Kurti runs small at bust
R-104175,dropdown,not_as_shown,unspecified,,no,,none,dropdown_only,
R-104176,dropdown,quality,unspecified,,no,,none,dropdown_only,
R-104177,other_text,fit,too_small,overall,no,,hinglish,template,
R-104178,other_text,fit,too_small,overall,yes,not_as_shown,hinglish,two_reasons,
R-104179,other_text,not_as_shown,design,,no,,hinglish,template,
R-104180,dropdown,wrong_or_damaged,,,no,,none,dropdown_only,
R-104181,dropdown,fit,too_large,,no,,none,dropdown_only,
R-104182,dropdown,quality,unspecified,,no,,none,dropdown_only,P4 V-31 Men's T-shirt shrinks
R-104183,dropdown,fit,too_small,,no,,none,dropdown_only,P2 V-12 Kids T-shirt runs small
R-104184,dropdown,fit,too_small,,no,,none,dropdown_only,
R-104185,dropdown,wrong_or_damaged,,,no,,none,dropdown_only,
R-104186,dropdown,wrong_or_damaged,,,no,,none,dropdown_only,
R-104187,dropdown,fit,too_large,,no,,none,dropdown_only,
R-104188,dropdown,quality,unspecified,,no,,hinglish,dropdown_plus_text,
R-104189,other_text,quality,thin_fabric,,no,,hinglish,template,
R-104190,dropdown,fit,too_large,,no,,none,dropdown_only,
R-104191,dropdown,fit,too_large,,no,,none,dropdown_only,
R-104192,dropdown,fit,too_large,,no,,none,dropdown_only,
R-104193,dropdown,fit,too_large,,no,,none,dropdown_only,
R-104194,dropdown,fit,too_large,,no,,none,dropdown_only,
R-104195,dropdown,fit,too_large,,no,,none,dropdown_only,
R-104196,dropdown,wrong_or_damaged,,,no,,none,dropdown_only,
R-104197,other_text,fit,too_small,bust,yes,quality,hinglish,two_reasons,
R-104198,other_text,fit,too_small,overall,no,,english,template,P1 V-07 Kurti runs small at bust
R-104199,other_text,fit,too_small,bust,yes,not_as_shown,hinglish,two_reasons,
R-104200,dropdown,fit,too_large,,no,,none,dropdown_only,
R-104201,dropdown,fit,too_small,,no,,none,dropdown_only,P3 V-23 Palazzo runs long
R-104202,other_text,fit,too_small,bust,no,,hinglish,template,
R-104203,other_text,not_as_shown,fabric,,no,,hinglish,template,
R-104204,other_text,not_as_shown,design,,no,,hinglish,template,
R-104205,other_text,fit,too_small,overall,no,,hinglish,template,
R-104206,dropdown,quality,unspecified,,no,,none,dropdown_only,P1 V-07 Kurti runs small at bust
R-104207,dropdown,fit,too_small,,no,,none,dropdown_only,
R-104208,dropdown,fit,too_small,,no,,english,dropdown_plus_text,
R-104209,dropdown,wrong_or_damaged,,,no,,none,dropdown_only,
R-104210,dropdown,not_as_shown,unspecified,,no,,none,dropdown_only,P5 V-18 Saree colour differs
R-104211,other_text,fit,too_large,length,yes,quality,hinglish,two_reasons,
R-104212,dropdown,fit,too_small,,no,,hinglish,dropdown_plus_text,
R-104213,dropdown,quality,unspecified,,no,,none,dropdown_only,
R-104214,other_text,not_as_shown,unspecified,,no,,hinglish,template,
R-104215,other_text,fit,too_large,overall,no,,hinglish,template,
R-104216,dropdown,fit,too_small,,no,,none,dropdown_only,
R-104217,dropdown,fit,too_small,,no,,none,dropdown_only,
R-104218,dropdown,fit,too_large,,no,,hinglish,dropdown_plus_text,
R-104219,dropdown,quality,unspecified,,no,,none,dropdown_only,
R-104220,dropdown,quality,unspecified,,no,,none,dropdown_only,
R-104221,other_text,fit,too_large,length,no,,hinglish,template,
R-104222,dropdown,fit,too_small,,no,,none,dropdown_only,
R-104223,dropdown,delivery,,,no,,none,dropdown_only,
R-104224,dropdown,fit,too_small,,no,,none,dropdown_only,
R-104225,other_text,fit,too_large,bust,no,,hinglish,template,
R-104226,dropdown,fit,too_small,,no,,none,dropdown_only,
R-104227,other_text,fit,too_small,shoulders,no,,english,template,
R-104228,dropdown,not_as_shown,unspecified,,no,,none,dropdown_only,
R-104229,other_text,fit,too_large,length,no,,hinglish,template,P3 V-23 Palazzo runs long
R-104230,other_text,quality,shrinkage,,no,,hinglish,template,
R-104231,dropdown,fit,too_small,,no,,none,dropdown_only,P1 V-07 Kurti runs small at bust
R-104232,dropdown,fit,too_small,,no,,none,dropdown_only,
R-104233,other_text,fit,too_small,overall,no,,english,template,
R-104234,other_text,quality,shrinkage,,no,,english,template,P4 V-31 Men's T-shirt shrinks
R-104235,other_text,fit,too_small,length,no,,hinglish,template,
R-104236,other_text,delivery,,,no,,devanagari,template,
R-104237,dropdown,fit,too_large,,no,,none,dropdown_only,P3 V-23 Palazzo runs long
R-104238,dropdown,wrong_or_damaged,,,no,,none,dropdown_only,
R-104239,other_text,fit,too_small,bust,no,,hinglish,template,
R-104240,other_text,fit,too_large,sleeves,no,,hinglish,template,
R-104241,dropdown,fit,too_small,,no,,hinglish,dropdown_plus_text,
R-104242,other_text,quality,tear_or_defect,,no,,english,template,
R-104243,dropdown,changed_mind,,,no,,devanagari,dropdown_plus_text,
R-104244,other_text,not_as_shown,colour,,no,,hinglish,template,P5 V-18 Saree colour differs
R-104245,dropdown,fit,too_small,,no,,none,dropdown_only,
R-104246,dropdown,fit,too_small,,no,,none,dropdown_only,P1 V-07 Kurti runs small at bust
R-104247,dropdown,quality,unspecified,,no,,none,dropdown_only,
R-104248,dropdown,fit,too_small,,no,,none,dropdown_only,
R-104249,other_text,fit,unclear,unclear,no,,hinglish,template,
R-104250,dropdown,fit,too_small,,no,,none,dropdown_only,
R-104251,other_text,quality,tear_or_defect,,no,,hinglish,template,
R-104252,other_text,quality,stitching,,no,,english,template,
R-104253,dropdown,fit,too_small,,no,,none,dropdown_only,
R-104254,other_text,fit,too_small,length,no,,hinglish,template+duplicate_row,P3 V-23 Palazzo runs long
R-104255,other_text,delivery,,,yes,fit,hinglish,two_reasons,
R-104256,other_text,quality,shrinkage,,no,,hinglish,template,P4 V-31 Men's T-shirt shrinks
R-104257,dropdown,not_as_shown,unspecified,,no,,none,dropdown_only,
R-104258,dropdown,fit,too_large,,no,,none,dropdown_only,
R-104259,other_text,fit,too_small,hips,no,,hinglish,template,
R-104260,other_text,fit,too_small,length,no,,english,template,
R-104261,other_text,quality,colour_bleed,,no,,english,template,
R-104262,dropdown,fit,too_large,,no,,none,dropdown_only,P3 V-23 Palazzo runs long
R-104263,dropdown,fit,too_small,,no,,none,dropdown_only,
R-104264,dropdown,quality,unspecified,,no,,none,dropdown_only,
R-104265,other_text,fit,too_small,length,yes,not_as_shown,hinglish,boundary_label,
R-104266,dropdown,fit,too_large,,no,,none,dropdown_only,
R-104267,dropdown,fit,too_small,,no,,none,dropdown_only,
R-104268,other_text,fit,too_small,overall,no,,english,template,
R-104269,dropdown,not_as_shown,unspecified,,no,,hinglish,dropdown_plus_text,
R-104270,other_text,fit,too_small,overall,no,,other_script,other_indian_script,
R-104271,dropdown,fit,too_small,,no,,none,dropdown_only,P2 V-12 Kids T-shirt runs small
R-104272,other_text,fit,too_small,bust,no,,devanagari,template,
R-104273,other_text,not_as_shown,unspecified,,yes,quality,hinglish,two_reasons,
R-104274,other_text,wrong_or_damaged,,,no,,hinglish,template,
R-104275,other_text,fit,too_large,overall,no,,hinglish,template,P3 V-23 Palazzo runs long
R-104276,other_text,fit,too_large,overall,no,,english,template,
R-104277,other_text,fit,too_large,overall,no,,english,template,
R-104278,dropdown,fit,too_small,,no,,none,dropdown_only,
R-104279,dropdown,fit,too_small,,no,,none,dropdown_only,
R-104280,other_text,quality,stitching,,no,,hinglish,template,
R-104281,dropdown,quality,unspecified,,no,,none,dropdown_only,P5 V-18 Saree colour differs
R-104282,dropdown,fit,too_large,,no,,none,dropdown_only,
R-104283,dropdown,fit,too_small,,no,,none,dropdown_only,
R-104284,dropdown,fit,too_small,,no,,none,dropdown_only,P2 V-12 Kids T-shirt runs small
R-104285,dropdown,fit,too_small,,no,,hinglish,dropdown_plus_text,
R-104286,dropdown,fit,too_small,,no,,none,dropdown_only,
R-104287,other_text,not_as_shown,colour,,no,,hinglish,template,
R-104288,other_text,fit,too_large,bust,no,,hinglish,template,
R-104289,dropdown,fit,too_large,,no,,none,dropdown_only,
R-104290,other_text,quality,tear_or_defect,,no,,hinglish,template,
R-104291,dropdown,quality,unspecified,,no,,none,dropdown_only,P4 V-31 Men's T-shirt shrinks
R-104292,dropdown,changed_mind,,,no,,none,dropdown_only,
R-104293,dropdown,fit,too_small,,no,,none,dropdown_only,P1 V-07 Kurti runs small at bust
R-104294,other_text,fit,too_small,hips,no,,hinglish,template,
R-104295,other_text,not_as_shown,design,,no,,hinglish,template,P2 V-12 Kids T-shirt runs small
R-104296,other_text,fit,too_small,waist,no,,hinglish,template,
R-104297,other_text,fit,too_small,waist,yes,quality,hinglish,two_reasons,
R-104298,dropdown,quality,unspecified,,no,,none,dropdown_only,
R-104299,other_text,fit,too_small,overall,no,,hinglish,template,
R-104300,dropdown,not_as_shown,unspecified,,no,,none,dropdown_only,
R-104301,other_text,wrong_or_damaged,,,no,,english,template,
R-104302,dropdown,delivery,,,no,,english,dropdown_plus_text,
R-104303,other_text,quality,shrinkage,,no,,hinglish,template,P4 V-31 Men's T-shirt shrinks
R-104304,other_text,quality,shrinkage,,no,,hinglish,template,P4 V-31 Men's T-shirt shrinks
R-104305,other_text,fit,too_large,length,no,,english,template,P3 V-23 Palazzo runs long
R-104306,dropdown,quality,unspecified,,no,,none,dropdown_only,P4 V-31 Men's T-shirt shrinks
R-104307,other_text,quality,shrinkage,,no,,devanagari,template,P4 V-31 Men's T-shirt shrinks
R-104308,dropdown,fit,too_large,,no,,none,dropdown_only,
R-104309,other_text,delivery,,,no,,hinglish,template,
R-104310,other_text,fit,too_small,overall,yes,not_as_shown,hinglish,two_reasons,
R-104311,dropdown,delivery,,,no,,none,dropdown_only,
R-104312,other_text,changed_mind,,,no,,english,template,
R-104313,other_text,not_as_shown,design,,no,,hinglish,template,
R-104314,dropdown,fit,too_small,,no,,none,dropdown_only,
R-104315,other_text,fit,too_small,sleeves,no,,english,template,
R-104316,dropdown,fit,too_small,,no,,none,dropdown_only,P1 V-07 Kurti runs small at bust
R-104317,dropdown,quality,unspecified,,no,,none,dropdown_only,
R-104318,dropdown,fit,too_large,,no,,none,dropdown_only,
R-104319,other_text,unclear,,,no,,none,symbols_or_emoji,
R-104320,dropdown,fit,too_small,,no,,none,dropdown_only,P1 V-07 Kurti runs small at bust
R-104321,other_text,fit,too_small,waist,no,,hinglish,personal_details,
R-104322,dropdown,delivery,,,no,,none,dropdown_only,
R-104323,dropdown,fit,too_large,,no,,none,dropdown_only,
R-104324,dropdown,changed_mind,,,no,,none,dropdown_only,
R-104325,dropdown,fit,too_small,,no,,none,dropdown_only,
R-104326,dropdown,quality,unspecified,,no,,none,dropdown_only,
R-104327,dropdown,fit,too_small,,no,,none,dropdown_only,
R-104328,other_text,fit,too_small,bust,no,,hinglish,template,
R-104329,dropdown,fit,too_large,,no,,none,dropdown_only,
R-104330,other_text,not_as_shown,design,,yes,fit,hinglish,two_reasons,
R-104331,dropdown,fit,too_small,,no,,none,dropdown_only,P1 V-07 Kurti runs small at bust
R-104332,other_text,fit,too_small,overall,no,,english,template,P2 V-12 Kids T-shirt runs small
R-104333,other_text,unclear,,,no,,none,symbols_or_emoji,
R-104334,dropdown,fit,too_small,,no,,none,dropdown_only,P1 V-07 Kurti runs small at bust
R-104335,other_text,wrong_or_damaged,,,no,,hinglish,template,
R-104336,other_text,unclear,,,no,,none,blank,
R-104337,dropdown,fit,too_large,,no,,none,dropdown_only,
R-104338,dropdown,fit,too_large,,no,,none,dropdown_only,
R-104339,dropdown,not_as_shown,unspecified,,no,,none,dropdown_only,
R-104340,dropdown,changed_mind,,,no,,none,dropdown_only,
R-104341,dropdown,fit,too_small,,no,,none,dropdown_only,P2 V-12 Kids T-shirt runs small
R-104342,dropdown,fit,too_small,,no,,none,dropdown_only,P1 V-07 Kurti runs small at bust
R-104343,dropdown,delivery,,,no,,none,dropdown_only,
R-104344,other_text,fit,too_small,shoulders,no,,hinglish,template,
R-104345,dropdown,fit,too_small,,no,,none,dropdown_only,
R-104346,other_text,quality,stitching,,no,,hinglish,template,
R-104347,other_text,quality,colour_bleed,,no,,hinglish,template,
R-104348,other_text,fit,too_large,sleeves,no,,english,template,
R-104349,dropdown,fit,too_small,,no,,none,dropdown_only,
R-104350,dropdown,not_as_shown,unspecified,,no,,none,dropdown_only,
R-104351,other_text,not_as_shown,design,,no,,hinglish,template,
R-104352,dropdown,wrong_or_damaged,,,no,,hinglish,dropdown_plus_text,
R-104353,other_text,fit,too_small,overall,no,,english,template,P1 V-07 Kurti runs small at bust
R-104354,dropdown,fit,too_large,,no,,none,dropdown_only,
R-104355,dropdown,quality,unspecified,,no,,none,dropdown_only,
R-104356,other_text,fit,too_small,waist,no,,devanagari,template,
R-104357,other_text,fit,unclear,unclear,no,,hinglish,template,P1 V-07 Kurti runs small at bust
R-104358,other_text,fit,unclear,unclear,no,,hinglish,template,
R-104359,dropdown,fit,too_small,,no,,none,dropdown_only,
R-104360,other_text,wrong_or_damaged,,,no,,hinglish,template,P5 V-18 Saree colour differs
R-104361,other_text,fit,too_large,bust,no,,hinglish,template,
R-104362,dropdown,quality,unspecified,,no,,none,dropdown_only,
R-104363,other_text,fit,too_small,overall,no,,english,template,P2 V-12 Kids T-shirt runs small
R-104364,dropdown,quality,unspecified,,no,,none,dropdown_only,
R-104365,dropdown,quality,unspecified,,no,,none,dropdown_only,
R-104366,dropdown,changed_mind,,,no,,none,dropdown_only,
R-104367,dropdown,fit,too_large,,no,,none,dropdown_only,
R-104368,dropdown,fit,too_large,,no,,none,dropdown_only,
R-104369,dropdown,fit,too_small,,no,,none,dropdown_only,P1 V-07 Kurti runs small at bust
R-104370,other_text,unclear,,,no,,hinglish,long_text,
R-104371,other_text,quality,shrinkage,,no,,hinglish,long_text,
R-104372,other_text,fit,too_small,overall,no,,english,template,
R-104373,dropdown,not_as_shown,unspecified,,no,,hinglish,dropdown_contradicts_text,
R-104374,other_text,quality,stitching,,yes,fit,english,two_reasons,
R-104375,dropdown,fit,too_large,,no,,none,dropdown_only,P3 V-23 Palazzo runs long
R-104376,other_text,changed_mind,,,no,,hinglish,template,
R-104377,other_text,wrong_or_damaged,,,no,,english,template,P2 V-12 Kids T-shirt runs small
R-104378,dropdown,not_as_shown,unspecified,,no,,none,dropdown_only,
R-104379,dropdown,not_as_shown,unspecified,,no,,none,dropdown_only,P5 V-18 Saree colour differs
R-104380,dropdown,fit,too_small,,no,,none,dropdown_only,P1 V-07 Kurti runs small at bust
R-104381,dropdown,fit,too_small,,no,,none,dropdown_only,
R-104382,other_text,fit,too_large,length,no,,english,long_text,
R-104383,other_text,quality,thin_fabric,,no,,english,template,
R-104384,other_text,unclear,,,no,,none,blank,
R-104385,other_text,fit,too_small,overall,no,,english,template,
R-104386,other_text,quality,stitching,,no,,hinglish,template,
R-104387,dropdown,fit,too_large,,no,,none,dropdown_only,
R-104388,other_text,changed_mind,,,no,,english,template,
R-104389,dropdown,fit,too_large,,no,,none,dropdown_only,
R-104390,other_text,fit,too_large,overall,no,,hinglish,template,P2 V-12 Kids T-shirt runs small
R-104391,other_text,fit,too_small,overall,no,,english,template,
R-104392,other_text,fit,too_small,overall,no,,hinglish,template,P1 V-07 Kurti runs small at bust
R-104393,dropdown,fit,too_large,,no,,hinglish,dropdown_plus_text,
R-104394,dropdown,fit,too_small,,no,,none,dropdown_only,
R-104395,dropdown,fit,too_small,,no,,hinglish,dropdown_contradicts_text,
R-104396,dropdown,quality,unspecified,,no,,hinglish,dropdown_plus_text,
R-104397,dropdown,wrong_or_damaged,,,no,,none,dropdown_only,
R-104398,other_text,fit,too_small,waist,no,,hinglish,csv_quotes_commas_newline,
R-104399,other_text,changed_mind,,,no,,english,template,
R-104400,dropdown,quality,unspecified,,no,,none,dropdown_only,
R-104401,dropdown,fit,too_large,,no,,none,dropdown_only,
R-104402,other_text,quality,shrinkage,,no,,hinglish,template,
R-104403,dropdown,not_as_shown,unspecified,,no,,none,dropdown_only,P5 V-18 Saree colour differs
R-104404,dropdown,fit,too_small,,no,,none,dropdown_only,P2 V-12 Kids T-shirt runs small
R-104405,dropdown,fit,too_small,,no,,none,dropdown_only,
R-104406,dropdown,quality,unspecified,,no,,none,dropdown_only,
R-104407,other_text,fit,too_small,bust,no,,hinglish,template,
R-104408,other_text,quality,unspecified,,no,,hinglish,template,
R-104409,other_text,unclear,,,no,,none,blank,
R-104410,dropdown,fit,too_small,,no,,none,dropdown_only,
R-104411,other_text,fit,too_large,overall,no,,hinglish,personal_details,
R-104412,dropdown,fit,too_small,,no,,none,dropdown_only,
R-104413,other_text,fit,too_small,length,no,,hinglish,template,
R-104414,dropdown,fit,too_small,,no,,none,dropdown_only,P2 V-12 Kids T-shirt runs small
R-104415,dropdown,fit,too_small,,no,,none,dropdown_only,P2 V-12 Kids T-shirt runs small
R-104416,other_text,not_as_shown,unspecified,,no,,english,template,
R-104417,dropdown,fit,too_small,,no,,none,dropdown_only,
R-104418,dropdown,quality,unspecified,,no,,none,dropdown_only,
R-104419,other_text,fit,too_small,bust,no,,hinglish,template,
R-104420,other_text,fit,too_small,overall,no,,english,template,P2 V-12 Kids T-shirt runs small
R-104421,dropdown,fit,too_large,,no,,none,dropdown_only,
R-104422,other_text,unclear,,,no,,hinglish,vague_or_junk,
R-104423,other_text,fit,too_large,overall,no,,hinglish,template,
R-104424,dropdown,fit,too_large,,no,,none,dropdown_only,
R-104425,dropdown,delivery,,,no,,none,dropdown_only,
R-104426,dropdown,fit,too_large,,no,,none,dropdown_only,
R-104427,dropdown,quality,unspecified,,no,,none,dropdown_only,
R-104428,other_text,fit,too_small,overall,no,,english,template,P2 V-12 Kids T-shirt runs small
R-104429,other_text,fit,too_large,hips,no,,english,template,
R-104430,other_text,not_as_shown,colour,,no,,devanagari,template,P5 V-18 Saree colour differs
R-104431,dropdown,fit,too_large,,no,,none,dropdown_only,
R-104432,dropdown,quality,unspecified,,no,,none,dropdown_only,
R-104433,other_text,unclear,,,no,,none,blank,
R-104434,dropdown,fit,too_small,,no,,none,dropdown_only,P2 V-12 Kids T-shirt runs small
R-104435,dropdown,quality,unspecified,,no,,none,dropdown_only,P4 V-31 Men's T-shirt shrinks
R-104436,dropdown,fit,too_small,,no,,none,dropdown_only,P1 V-07 Kurti runs small at bust
R-104437,dropdown,not_as_shown,unspecified,,no,,none,dropdown_only,P5 V-18 Saree colour differs
R-104438,dropdown,not_as_shown,unspecified,,no,,none,dropdown_only,
R-104439,other_text,fit,too_large,bust,no,,hinglish,template,
R-104440,dropdown,quality,unspecified,,no,,none,dropdown_only,
R-104441,dropdown,fit,too_small,,no,,none,dropdown_only,
R-104442,dropdown,fit,too_small,,no,,hinglish,dropdown_plus_text,
R-104443,dropdown,not_as_shown,unspecified,,no,,none,dropdown_only,P5 V-18 Saree colour differs
R-104444,dropdown,fit,too_large,,no,,none,dropdown_only,
R-104445,dropdown,fit,too_large,,no,,none,dropdown_only,
R-104446,dropdown,delivery,,,no,,none,dropdown_only,
R-104447,dropdown,wrong_or_damaged,,,no,,none,dropdown_only,
R-104448,other_text,quality,stitching,,no,,english,template,
R-104449,dropdown,quality,unspecified,,no,,none,dropdown_only,
R-104450,dropdown,quality,unspecified,,no,,none,dropdown_only,
R-104451,dropdown,quality,unspecified,,no,,none,dropdown_only,
R-104452,other_text,fit,too_small,overall,no,,hinglish,personal_details,
R-104453,dropdown,quality,unspecified,,no,,none,dropdown_only,
R-104454,dropdown,quality,unspecified,,no,,none,dropdown_only,
R-104455,other_text,fit,too_small,waist,no,,english,template,
R-104456,other_text,fit,too_small,length,yes,quality,hinglish,two_reasons,
R-104457,dropdown,fit,too_large,,no,,none,dropdown_only,
R-104458,dropdown,fit,too_large,,no,,none,dropdown_only,P3 V-23 Palazzo runs long
R-104459,dropdown,fit,too_small,,no,,none,dropdown_only,P2 V-12 Kids T-shirt runs small
R-104460,other_text,unclear,,,no,,english,vague_or_junk,
R-104461,other_text,fit,too_small,length,no,,hinglish,template,
R-104462,other_text,not_as_shown,colour,,no,,english,template,P5 V-18 Saree colour differs
R-104463,other_text,wrong_or_damaged,,,no,,hinglish,template,
R-104464,dropdown,quality,unspecified,,no,,none,dropdown_only,
R-104465,dropdown,not_as_shown,unspecified,,no,,none,dropdown_only,P2 V-12 Kids T-shirt runs small
R-104466,other_text,fit,too_small,overall,no,,hinglish,template,P1 V-07 Kurti runs small at bust
R-104467,other_text,wrong_or_damaged,,,no,,hinglish,personal_details,
R-104468,other_text,fit,too_small,overall,no,,hinglish,template,
R-104469,other_text,fit,too_small,overall,no,,hinglish,template,
R-104470,dropdown,fit,too_small,,no,,none,dropdown_only,
R-104471,dropdown,fit,too_small,,no,,hinglish,dropdown_plus_text,
R-104472,other_text,fit,too_small,overall,no,,hinglish,template,
R-104473,dropdown,wrong_or_damaged,,,no,,none,dropdown_only,
R-104474,other_text,fit,too_small,overall,yes,quality,hinglish,two_reasons,
R-104475,other_text,not_as_shown,colour,,no,,hinglish,template,
R-104476,dropdown,wrong_or_damaged,,,no,,none,dropdown_only,
R-104477,dropdown,fit,too_small,,no,,none,dropdown_only,
R-104478,other_text,quality,shrinkage,,no,,hinglish,template,P4 V-31 Men's T-shirt shrinks
R-104479,dropdown,not_as_shown,unspecified,,no,,none,dropdown_only,
R-104480,dropdown,fit,too_small,,no,,none,dropdown_only,
R-104481,dropdown,fit,too_small,,no,,none,dropdown_only,P1 V-07 Kurti runs small at bust
R-104482,dropdown,fit,too_small,,no,,none,dropdown_only,
R-104483,other_text,fit,too_large,length,no,,devanagari,template,
R-104484,other_text,fit,unclear,unclear,no,,hinglish,template,
R-104485,other_text,unclear,,,no,,none,blank,
R-104486,dropdown,fit,too_large,,no,,none,dropdown_only,
R-104487,dropdown,fit,too_small,,no,,none,dropdown_only,
R-104488,dropdown,wrong_or_damaged,,,no,,none,dropdown_only,
R-104489,other_text,fit,too_small,overall,no,,other_script,other_indian_script,
R-104490,other_text,fit,too_small,overall,no,,hinglish,template,
R-104491,other_text,fit,too_small,bust,no,,hinglish,template,
R-104492,dropdown,fit,too_small,,no,,none,dropdown_only,
R-104493,dropdown,not_as_shown,unspecified,,no,,none,dropdown_only,
R-104494,other_text,not_as_shown,colour,,no,,english,template,
R-104495,other_text,fit,too_small,waist,no,,english,template,
R-104496,dropdown,fit,too_small,,no,,none,dropdown_only,
R-104497,dropdown,not_as_shown,unspecified,,no,,none,dropdown_only,
R-104498,dropdown,quality,unspecified,,no,,none,dropdown_only,
R-104499,dropdown,fit,too_small,,no,,none,dropdown_only,
R-104500,other_text,fit,too_small,bust,no,,hinglish,template,P1 V-07 Kurti runs small at bust
R-104501,other_text,fit,too_small,length,no,,hinglish,template,
R-104502,dropdown,fit,too_small,,no,,none,dropdown_only,
R-104503,other_text,changed_mind,,,no,,english,template,
R-104504,dropdown,fit,too_large,,no,,none,dropdown_only,
R-104505,other_text,quality,stitching,,no,,english,template,
R-104506,dropdown,quality,unspecified,,no,,none,dropdown_only,P4 V-31 Men's T-shirt shrinks
R-104507,dropdown,fit,too_small,,no,,none,dropdown_only,
R-104508,other_text,unclear,,,no,,none,symbols_or_emoji,
R-104509,dropdown,quality,unspecified,,no,,none,dropdown_only,
R-104510,other_text,fit,too_small,overall,no,,hinglish,boundary_label,
R-104511,other_text,quality,thin_fabric,,no,,english,template,
R-104512,other_text,changed_mind,,,no,,hinglish,template,
R-104513,dropdown,fit,too_large,,no,,none,dropdown_only,P3 V-23 Palazzo runs long
R-104514,dropdown,fit,too_small,,no,,none,dropdown_only,
R-104515,other_text,fit,too_large,length,no,,hinglish,template,
R-104516,other_text,fit,too_small,length,no,,devanagari,template,
R-104517,other_text,fit,too_small,sleeves,no,,english,template,
R-104518,other_text,unclear,,,no,,none,symbols_or_emoji,
R-104519,other_text,quality,thin_fabric,,no,,hinglish,template,
R-104520,other_text,fit,too_small,sleeves,no,,english,template,
R-104521,dropdown,fit,too_small,,no,,none,dropdown_only,
R-104522,dropdown,not_as_shown,unspecified,,no,,none,dropdown_only,
R-104523,dropdown,fit,too_large,,no,,none,dropdown_only,P3 V-23 Palazzo runs long
R-104524,dropdown,quality,unspecified,,no,,none,dropdown_only,
R-104525,other_text,fit,too_large,overall,no,,english,template,
R-104526,other_text,fit,too_small,bust,no,,hinglish,template,P1 V-07 Kurti runs small at bust
R-104527,other_text,fit,too_small,shoulders,no,,hinglish,template,P2 V-12 Kids T-shirt runs small
R-104528,other_text,fit,too_small,overall,no,,hinglish,csv_quotes_commas_newline,
R-104529,dropdown,fit,too_small,,no,,none,dropdown_only,
R-104530,dropdown,fit,too_large,,no,,none,dropdown_only,
R-104531,other_text,unclear,,,no,,none,symbols_or_emoji,
R-104532,dropdown,quality,unspecified,,no,,none,dropdown_only,
R-104533,dropdown,fit,too_small,,no,,none,dropdown_only,
R-104534,other_text,fit,too_small,length,no,,hinglish,template,
R-104535,other_text,fit,too_small,overall,no,,hinglish,template,
R-104536,other_text,changed_mind,,,yes,fit,hinglish,two_reasons,
R-104537,other_text,unclear,,,no,,none,blank,
R-104538,other_text,quality,tear_or_defect,,no,,hinglish,template,
R-104539,dropdown,not_as_shown,unspecified,,no,,none,dropdown_only,
R-104540,other_text,quality,shrinkage,,no,,hinglish,template,P4 V-31 Men's T-shirt shrinks
R-104541,other_text,fit,too_large,overall,no,,hinglish,template,
R-104542,other_text,fit,too_small,overall,no,,hinglish,template,P2 V-12 Kids T-shirt runs small
R-104543,dropdown,fit,too_small,,no,,none,dropdown_only,
R-104544,dropdown,quality,unspecified,,no,,none,dropdown_only,
R-104545,other_text,fit,too_large,overall,no,,hinglish,template,
R-104546,other_text,fit,too_small,bust,no,,hinglish,template,P1 V-07 Kurti runs small at bust
R-104547,dropdown,fit,too_small,,no,,none,dropdown_only,
R-104548,dropdown,fit,too_small,,no,,none,dropdown_only,
R-104549,other_text,unclear,,,no,,none,blank,
R-104550,dropdown,quality,unspecified,,no,,none,dropdown_only,
R-104551,other_text,fit,too_small,bust,no,,hinglish,template,
R-104552,dropdown,fit,too_small,,no,,none,dropdown_only,
R-104553,other_text,unclear,,,no,,none,blank,
R-104554,dropdown,fit,too_small,,no,,none,dropdown_only,
R-104555,dropdown,not_as_shown,unspecified,,no,,none,dropdown_only,
R-104556,other_text,fit,too_small,length,no,,english,template,
R-104557,dropdown,fit,too_small,,no,,none,dropdown_only,
R-104558,other_text,unclear,,,no,,none,blank,P5 V-18 Saree colour differs
R-104559,dropdown,not_as_shown,unspecified,,no,,none,dropdown_only,
R-104560,other_text,changed_mind,,,no,,hinglish,template,
R-104561,dropdown,wrong_or_damaged,,,no,,none,dropdown_only,
R-104562,other_text,not_as_shown,colour,,no,,devanagari,template,P5 V-18 Saree colour differs
R-104563,other_text,unclear,,,no,,none,blank,
R-104564,other_text,wrong_or_damaged,,,no,,english,template,
R-104565,other_text,not_as_shown,colour,,no,,english,template,P5 V-18 Saree colour differs
R-104566,dropdown,not_as_shown,unspecified,,no,,none,dropdown_only,
R-104567,other_text,delivery,,,no,,hinglish,template,
R-104568,dropdown,fit,too_large,,no,,none,dropdown_only,
R-104569,other_text,fit,too_large,waist,no,,hinglish,template,
R-104570,dropdown,fit,too_small,,no,,none,dropdown_only,
R-104571,other_text,fit,too_large,length,no,,hinglish,template,
R-104572,other_text,unclear,,,no,,none,symbols_or_emoji,
R-104573,dropdown,fit,too_large,,no,,none,dropdown_only,
R-104574,dropdown,fit,too_small,,no,,none,dropdown_only,
R-104575,other_text,fit,too_small,bust,no,,hinglish,template,
R-104576,other_text,fit,too_small,overall,no,,hinglish,template,
R-104577,dropdown,changed_mind,,,no,,none,dropdown_only,
R-104578,dropdown,not_as_shown,unspecified,,no,,none,dropdown_only,
R-104579,dropdown,quality,unspecified,,no,,none,dropdown_only,
R-104580,dropdown,delivery,,,no,,none,dropdown_only,
R-104581,dropdown,fit,too_small,,no,,none,dropdown_only,
R-104582,dropdown,fit,too_small,,no,,none,dropdown_only,
R-104583,dropdown,quality,unspecified,,no,,none,dropdown_only,
R-104584,dropdown,fit,too_large,,no,,none,dropdown_only,P3 V-23 Palazzo runs long
R-104585,other_text,fit,too_small,bust,no,,hinglish,template,
R-104586,dropdown,fit,too_large,,no,,none,dropdown_only+duplicate_row,
R-104587,dropdown,fit,too_large,,no,,none,dropdown_only,
R-104588,dropdown,fit,too_small,,no,,none,dropdown_only,
R-104589,dropdown,fit,too_large,,no,,none,dropdown_only,P4 V-31 Men's T-shirt shrinks
R-104590,dropdown,fit,too_large,,no,,none,dropdown_only,
R-104591,other_text,not_as_shown,unspecified,,no,,hinglish,template,
R-104592,other_text,not_as_shown,unspecified,,no,,english,template,
R-104593,dropdown,quality,unspecified,,no,,none,dropdown_only,
R-104594,dropdown,fit,too_small,,no,,none,dropdown_only,P1 V-07 Kurti runs small at bust
R-104595,other_text,fit,too_large,overall,no,,english,template,
R-104596,other_text,fit,too_small,overall,no,,hinglish,template,P3 V-23 Palazzo runs long
R-104597,other_text,quality,colour_bleed,,no,,english,template,
R-104598,dropdown,fit,too_large,,no,,none,dropdown_only,P3 V-23 Palazzo runs long
R-104599,dropdown,not_as_shown,unspecified,,no,,none,dropdown_only,
R-104600,dropdown,fit,too_large,,no,,none,dropdown_only,
R-104601,dropdown,fit,too_small,,no,,none,dropdown_only,
R-104602,dropdown,not_as_shown,unspecified,,no,,none,dropdown_only,
R-104603,dropdown,quality,unspecified,,no,,none,dropdown_only,
R-104604,other_text,quality,colour_bleed,,no,,hinglish,template,
R-104605,other_text,fit,too_large,bust,no,,hinglish,template,
R-104606,other_text,fit,too_small,overall,no,,hinglish,template,
R-104607,other_text,fit,too_small,waist,no,,hinglish,template,
R-104608,dropdown,fit,too_small,,no,,hinglish,dropdown_plus_text,
R-104609,dropdown,fit,too_small,,no,,none,dropdown_only,
R-104610,dropdown,quality,unspecified,,no,,none,dropdown_only,
R-104611,dropdown,not_as_shown,unspecified,,no,,none,dropdown_only,
R-104612,dropdown,fit,too_large,,no,,none,dropdown_only,
R-104613,dropdown,not_as_shown,unspecified,,no,,none,dropdown_only,P5 V-18 Saree colour differs
R-104614,other_text,unclear,,,no,,english,vague_or_junk,
R-104615,other_text,fit,too_large,length,no,,english,template,
R-104616,other_text,unclear,,,no,,hinglish,vague_or_junk,
R-104617,other_text,not_as_shown,colour,,no,,hinglish,template,P5 V-18 Saree colour differs
R-104618,dropdown,fit,too_small,,no,,none,dropdown_only,
R-104619,dropdown,fit,too_large,,no,,none,dropdown_only,P3 V-23 Palazzo runs long
R-104620,other_text,wrong_or_damaged,,,no,,hinglish,template,
R-104621,dropdown,fit,too_small,,no,,none,dropdown_only,P1 V-07 Kurti runs small at bust
R-104622,other_text,quality,shrinkage,,no,,english,template,P5 V-18 Saree colour differs
R-104623,other_text,not_as_shown,colour,,no,,other_script,other_indian_script,
R-104624,other_text,fit,too_large,overall,yes,delivery,hinglish,two_reasons,
R-104625,dropdown,fit,too_small,,no,,none,dropdown_only,
R-104626,other_text,not_as_shown,colour,,no,,hinglish,csv_quotes_commas_newline,
R-104627,other_text,fit,too_small,overall,no,,hinglish,template,
R-104628,other_text,fit,too_large,overall,no,,hinglish,template,
R-104629,dropdown,not_as_shown,unspecified,,no,,none,dropdown_only,
R-104630,dropdown,changed_mind,,,no,,none,dropdown_only,
R-104631,dropdown,fit,too_small,,no,,none,dropdown_only,P2 V-12 Kids T-shirt runs small
R-104632,dropdown,fit,too_large,,no,,none,dropdown_only,
R-104633,dropdown,fit,too_large,,no,,none,dropdown_only,
R-104634,dropdown,fit,too_small,,no,,none,dropdown_only,
R-104635,dropdown,fit,too_small,,no,,none,dropdown_only,P1 V-07 Kurti runs small at bust
R-104636,dropdown,fit,too_small,,no,,none,dropdown_only,
R-104637,dropdown,quality,unspecified,,no,,none,dropdown_only,
R-104638,dropdown,fit,too_large,,no,,none,dropdown_only,P3 V-23 Palazzo runs long
R-104639,dropdown,quality,unspecified,,no,,none,dropdown_only,
R-104640,dropdown,fit,too_small,,no,,none,dropdown_only,
R-104641,other_text,fit,too_small,overall,no,,hinglish,template,
R-104642,dropdown,changed_mind,,,no,,none,dropdown_only,
R-104643,dropdown,fit,too_small,,no,,none,dropdown_only,
R-104644,dropdown,not_as_shown,unspecified,,no,,none,dropdown_only,P5 V-18 Saree colour differs
R-104645,dropdown,fit,too_small,,no,,none,dropdown_only,
R-104646,dropdown,fit,too_small,,no,,none,dropdown_only,
R-104647,dropdown,fit,too_small,,no,,none,dropdown_only,
R-104648,dropdown,changed_mind,,,no,,none,dropdown_only,
R-104649,dropdown,fit,too_large,,no,,none,dropdown_only,P3 V-23 Palazzo runs long
R-104650,dropdown,fit,too_small,,no,,none,dropdown_only,
R-104651,other_text,fit,too_small,length,no,,hinglish,template,
R-104652,other_text,unclear,,,no,,none,blank,P3 V-23 Palazzo runs long
R-104653,dropdown,fit,too_large,,no,,none,dropdown_only,
R-104654,dropdown,changed_mind,,,no,,none,dropdown_only,
R-104655,dropdown,fit,too_small,,no,,english,dropdown_plus_text,
R-104656,other_text,quality,thin_fabric,,no,,other_script,other_indian_script,
R-104657,other_text,fit,too_small,overall,no,,english,template,P2 V-12 Kids T-shirt runs small
R-104658,other_text,not_as_shown,design,,no,,english,template,
R-104659,dropdown,quality,unspecified,,no,,none,dropdown_only,
R-104660,dropdown,fit,too_large,,no,,none,dropdown_only,
R-104661,other_text,quality,shrinkage,,no,,devanagari,template,
R-104662,dropdown,quality,unspecified,,no,,none,dropdown_only,
R-104663,other_text,quality,thin_fabric,,yes,not_as_shown,hinglish,two_reasons,
R-104664,dropdown,quality,unspecified,,no,,none,dropdown_only,
R-104665,other_text,wrong_or_damaged,,,no,,hinglish,boundary_label,
R-104666,other_text,not_as_shown,colour,,no,,devanagari,template,
R-104667,dropdown,fit,too_large,,no,,none,dropdown_only,
R-104668,other_text,fit,too_small,length,no,,english,template,
R-104669,dropdown,wrong_or_damaged,,,no,,none,dropdown_only,
R-104670,other_text,fit,too_small,bust,no,,english,template,
R-104671,other_text,wrong_or_damaged,,,no,,hinglish,template,
R-104672,dropdown,quality,unspecified,,no,,none,dropdown_only,
R-104673,dropdown,fit,too_large,,no,,none,dropdown_only,P3 V-23 Palazzo runs long
R-104674,other_text,unclear,,,no,,none,blank,
R-104675,dropdown,quality,unspecified,,no,,hinglish,dropdown_contradicts_text,
R-104676,other_text,fit,too_small,overall,no,,hinglish,template,
R-104677,dropdown,fit,too_small,,no,,none,dropdown_only,
R-104678,dropdown,fit,too_small,,no,,none,dropdown_only,
R-104679,dropdown,wrong_or_damaged,,,no,,none,dropdown_only,
R-104680,other_text,fit,too_large,length,no,,devanagari,template,P3 V-23 Palazzo runs long
R-104681,other_text,not_as_shown,colour,,no,,english,template,P5 V-18 Saree colour differs
R-104682,other_text,not_as_shown,colour,,no,,devanagari,template,
R-104683,other_text,not_as_shown,fabric,,no,,english,template,
R-104684,dropdown,changed_mind,,,no,,none,dropdown_only,
R-104685,dropdown,fit,too_small,,no,,none,dropdown_only+duplicate_row,
R-104686,dropdown,fit,too_small,,no,,none,dropdown_only,
R-104687,other_text,fit,too_small,overall,no,,english,template,P2 V-12 Kids T-shirt runs small
R-104688,other_text,unclear,,,no,,hinglish,vague_or_junk,P2 V-12 Kids T-shirt runs small
R-104689,other_text,unclear,,,no,,english,vague_or_junk,
R-104690,other_text,quality,shrinkage,,no,,hinglish,template,P4 V-31 Men's T-shirt shrinks
R-104691,other_text,fit,too_small,overall,no,,hinglish,boundary_label,
R-104692,dropdown,not_as_shown,unspecified,,no,,none,dropdown_only,
R-104693,dropdown,not_as_shown,unspecified,,no,,none,dropdown_only,
R-104694,other_text,fit,too_small,bust,yes,not_as_shown,hinglish,two_reasons,
R-104695,other_text,fit,too_large,overall,no,,hinglish,template,P4 V-31 Men's T-shirt shrinks
R-104696,other_text,fit,too_large,overall,no,,hinglish,template,
R-104697,other_text,not_as_shown,colour,,no,,hinglish,template,P5 V-18 Saree colour differs
R-104698,dropdown,fit,too_small,,no,,none,dropdown_only,
R-104699,dropdown,quality,unspecified,,no,,devanagari,dropdown_plus_text,
R-104700,dropdown,not_as_shown,unspecified,,no,,none,dropdown_only,
R-104701,other_text,fit,too_small,overall,no,,english,template,
R-104702,dropdown,not_as_shown,unspecified,,no,,none,dropdown_only,
R-104703,other_text,unclear,,,no,,none,blank,
R-104704,dropdown,fit,too_small,,no,,hinglish,dropdown_plus_text,
R-104705,dropdown,delivery,,,no,,hinglish,dropdown_contradicts_text,
R-104706,other_text,unclear,,,no,,none,blank,
R-104707,other_text,not_as_shown,colour,,no,,hinglish,template,P5 V-18 Saree colour differs
R-104708,dropdown,fit,too_large,,no,,none,dropdown_only,P3 V-23 Palazzo runs long
R-104709,dropdown,fit,too_small,,no,,none,dropdown_only,
R-104710,other_text,fit,too_large,length,no,,hinglish,template,P3 V-23 Palazzo runs long
R-104711,dropdown,wrong_or_damaged,,,no,,none,dropdown_only,
R-104712,dropdown,fit,too_small,,no,,none,dropdown_only,
R-104713,other_text,quality,tear_or_defect,,no,,english,template,
R-104714,other_text,fit,too_large,overall,yes,delivery,hinglish,two_reasons,
R-104715,dropdown,fit,too_large,,no,,none,dropdown_only,
R-104716,other_text,wrong_or_damaged,,,no,,english,template,
R-104717,dropdown,fit,too_large,,no,,none,dropdown_only,
R-104718,dropdown,fit,too_large,,no,,none,dropdown_only,
R-104719,other_text,not_as_shown,colour,,no,,hinglish,template,P5 V-18 Saree colour differs
R-104720,dropdown,fit,too_small,,no,,none,dropdown_only,P2 V-12 Kids T-shirt runs small
R-104721,dropdown,fit,too_large,,no,,none,dropdown_only,
R-104722,dropdown,quality,unspecified,,no,,none,dropdown_only,P4 V-31 Men's T-shirt shrinks
R-104723,dropdown,fit,too_large,,no,,none,dropdown_only,
R-104724,other_text,fit,too_small,overall,no,,hinglish,template,P2 V-12 Kids T-shirt runs small
R-104725,dropdown,fit,too_small,,no,,none,dropdown_only,
R-104726,other_text,not_as_shown,colour,,no,,english,template,P5 V-18 Saree colour differs
R-104727,other_text,fit,too_small,hips,no,,hinglish,template,
R-104728,other_text,quality,stitching,,no,,devanagari,template,
R-104729,dropdown,fit,too_large,,no,,none,dropdown_only,
R-104730,dropdown,fit,too_small,,no,,none,dropdown_only,P4 V-31 Men's T-shirt shrinks
R-104731,dropdown,fit,too_small,,no,,none,dropdown_only,
R-104732,other_text,fit,too_large,length,no,,hinglish,template,P3 V-23 Palazzo runs long
R-104733,other_text,fit,too_large,overall,no,,hinglish,template,
R-104734,dropdown,fit,too_small,,no,,none,dropdown_only,P2 V-12 Kids T-shirt runs small
R-104735,dropdown,quality,unspecified,,no,,none,dropdown_only,
R-104736,dropdown,fit,too_small,,no,,none,dropdown_only,
R-104737,dropdown,fit,too_large,,no,,none,dropdown_only,
R-104738,dropdown,fit,too_small,,no,,none,dropdown_only,
R-104739,dropdown,fit,too_small,,no,,none,dropdown_only,
R-104740,dropdown,fit,too_small,,no,,none,dropdown_only,
R-104741,other_text,changed_mind,,,no,,hinglish,template,
R-104742,other_text,fit,too_small,overall,no,,hinglish,template,
R-104743,dropdown,quality,unspecified,,no,,none,dropdown_only,
R-104744,dropdown,fit,too_small,,no,,none,dropdown_only,
R-104745,dropdown,fit,too_small,,no,,none,dropdown_only,P1 V-07 Kurti runs small at bust
R-104746,other_text,unclear,,,no,,none,symbols_or_emoji,
R-104747,other_text,fit,too_small,overall,no,,hinglish,template,
R-104748,dropdown,fit,too_small,,no,,none,dropdown_only,
R-104749,dropdown,not_as_shown,unspecified,,no,,none,dropdown_only+duplicate_row,P5 V-18 Saree colour differs
R-104750,dropdown,fit,too_small,,no,,none,dropdown_only,P1 V-07 Kurti runs small at bust
R-104751,other_text,not_as_shown,colour,,no,,hinglish,template,
R-104752,dropdown,quality,unspecified,,no,,none,dropdown_only,
R-104753,other_text,quality,tear_or_defect,,no,,hinglish,template,P1 V-07 Kurti runs small at bust
R-104754,dropdown,fit,too_small,,no,,none,dropdown_only,
R-104755,dropdown,delivery,,,no,,none,dropdown_only,
R-104756,dropdown,not_as_shown,unspecified,,no,,none,dropdown_only,
R-104757,dropdown,fit,too_small,,no,,none,dropdown_only,
R-104758,dropdown,quality,unspecified,,no,,none,dropdown_only,P4 V-31 Men's T-shirt shrinks
R-104759,other_text,fit,too_small,overall,no,,hinglish,template,
R-104760,other_text,quality,tear_or_defect,,no,,hinglish,template,
R-104761,dropdown,fit,too_small,,no,,none,dropdown_only,P1 V-07 Kurti runs small at bust
R-104762,other_text,fit,too_small,overall,no,,devanagari,template,
R-104763,other_text,fit,too_large,length,no,,hinglish,template,P3 V-23 Palazzo runs long
R-104764,other_text,quality,thin_fabric,,no,,hinglish,template,
R-104765,other_text,fit,too_small,overall,no,,hinglish,template,
R-104766,other_text,fit,too_small,bust,no,,hinglish,template,
R-104767,other_text,fit,too_large,overall,no,,hinglish,template,
R-104768,dropdown,fit,too_small,,no,,none,dropdown_only,
R-104769,other_text,fit,too_small,overall,no,,hinglish,template,
R-104770,dropdown,fit,too_small,,no,,none,dropdown_only,
R-104771,dropdown,not_as_shown,unspecified,,no,,none,dropdown_only,
R-104772,dropdown,fit,too_small,,no,,hinglish,dropdown_plus_text,
R-104773,other_text,fit,too_small,overall,no,,hinglish,boundary_label,
R-104774,dropdown,fit,too_small,,no,,none,dropdown_only,
R-104775,dropdown,fit,too_large,,no,,none,dropdown_only,
R-104776,dropdown,fit,too_small,,no,,none,dropdown_only,
R-104777,dropdown,quality,unspecified,,no,,none,dropdown_only,
R-104778,other_text,not_as_shown,design,,no,,hinglish,template+duplicate_row,
R-104779,other_text,fit,too_large,length,no,,english,template,P3 V-23 Palazzo runs long
R-104780,other_text,fit,too_small,overall,no,,english,template,
R-104781,dropdown,fit,too_small,,no,,none,dropdown_only,P2 V-12 Kids T-shirt runs small
R-104782,other_text,unclear,,,no,,none,symbols_or_emoji,
R-104783,dropdown,quality,unspecified,,no,,none,dropdown_only,
R-104784,dropdown,wrong_or_damaged,,,no,,none,dropdown_only,
R-104785,dropdown,wrong_or_damaged,,,no,,none,dropdown_only,
R-104786,other_text,quality,tear_or_defect,,no,,hinglish,template,
R-104787,dropdown,quality,unspecified,,no,,hinglish,dropdown_plus_text,
R-104788,other_text,fit,too_large,length,no,,devanagari,template,
R-104789,other_text,fit,too_large,overall,no,,hinglish,template,
R-104790,dropdown,fit,too_small,,no,,none,dropdown_only,P1 V-07 Kurti runs small at bust
R-104791,dropdown,fit,too_small,,no,,none,dropdown_only,
R-104792,other_text,unclear,,,no,,english,vague_or_junk,
R-104793,dropdown,fit,too_large,,no,,none,dropdown_only,
R-104794,dropdown,fit,too_large,,no,,none,dropdown_only,
R-104795,dropdown,quality,unspecified,,no,,none,dropdown_only,
R-104796,dropdown,not_as_shown,unspecified,,no,,none,dropdown_only,
R-104797,dropdown,fit,too_small,,no,,none,dropdown_only,
R-104798,other_text,fit,too_small,overall,no,,english,template,
R-104799,other_text,changed_mind,,,no,,hinglish,template,
R-104800,dropdown,quality,unspecified,,no,,none,dropdown_only,
R-104801,other_text,fit,too_large,bust,no,,hinglish,template,
R-104802,dropdown,quality,unspecified,,no,,none,dropdown_only,
R-104803,dropdown,quality,unspecified,,no,,none,dropdown_only,
R-104804,other_text,fit,too_small,overall,no,,hinglish,template,
R-104805,dropdown,fit,too_small,,no,,none,dropdown_only,
R-104806,dropdown,fit,too_small,,no,,none,dropdown_only,
R-104807,dropdown,fit,too_large,,no,,none,dropdown_only,
R-104808,dropdown,fit,too_large,,no,,none,dropdown_only,
R-104809,dropdown,fit,too_large,,no,,none,dropdown_only,P3 V-23 Palazzo runs long
R-104810,dropdown,fit,too_large,,no,,none,dropdown_only,P3 V-23 Palazzo runs long
R-104811,other_text,quality,thin_fabric,,yes,not_as_shown,hinglish,two_reasons,
R-104812,dropdown,fit,too_small,,no,,none,dropdown_only,P2 V-12 Kids T-shirt runs small
R-104813,other_text,wrong_or_damaged,,,yes,fit,hinglish,two_reasons,
R-104814,other_text,fit,too_large,overall,no,,english,template,
R-104815,other_text,fit,too_large,overall,no,,other_script,other_indian_script,
R-104816,other_text,unclear,,,no,,english,vague_or_junk,P1 V-07 Kurti runs small at bust
R-104817,other_text,fit,too_small,overall,no,,hinglish,template,
R-104818,dropdown,not_as_shown,unspecified,,no,,none,dropdown_only,
R-104819,other_text,fit,too_large,overall,no,,english,template,
R-104820,other_text,fit,too_small,overall,no,,hinglish,template,
R-104821,dropdown,fit,too_small,,no,,none,dropdown_only,
R-104822,dropdown,fit,too_small,,no,,none,dropdown_only,
R-104823,other_text,unclear,,,no,,none,blank,
R-104824,other_text,fit,too_small,overall,no,,hinglish,template,
R-104825,other_text,fit,too_small,length,no,,hinglish,template,
R-104826,other_text,fit,too_small,length,no,,english,template,
R-104827,other_text,quality,stitching,,no,,hinglish,personal_details,
R-104828,dropdown,fit,too_small,,no,,none,dropdown_only,
R-104829,other_text,not_as_shown,colour,,no,,english,template,
R-104830,dropdown,not_as_shown,unspecified,,no,,none,dropdown_only,
R-104831,dropdown,changed_mind,,,no,,none,dropdown_only,
R-104832,dropdown,not_as_shown,unspecified,,no,,english,dropdown_plus_text,
R-104833,dropdown,fit,too_large,,no,,none,dropdown_only,
R-104834,dropdown,quality,unspecified,,no,,none,dropdown_only,
R-104835,other_text,not_as_shown,colour,,no,,hinglish,template,
R-104836,dropdown,fit,too_large,,no,,none,dropdown_only,P2 V-12 Kids T-shirt runs small
R-104837,dropdown,delivery,,,no,,none,dropdown_only,
R-104838,dropdown,fit,too_small,,no,,none,dropdown_only,
R-104839,other_text,fit,too_large,overall,no,,devanagari,template,P3 V-23 Palazzo runs long
R-104840,other_text,fit,too_small,bust,no,,hinglish,long_text,
R-104841,other_text,not_as_shown,colour,,no,,hinglish,template,
R-104842,other_text,fit,too_large,length,no,,hinglish,template,
R-104843,dropdown,not_as_shown,unspecified,,no,,none,dropdown_only,
R-104844,dropdown,fit,too_small,,no,,none,dropdown_only,P1 V-07 Kurti runs small at bust
R-104845,dropdown,fit,too_small,,no,,none,dropdown_only,P1 V-07 Kurti runs small at bust
R-104846,dropdown,not_as_shown,unspecified,,no,,none,dropdown_only,
R-104847,other_text,not_as_shown,design,,no,,english,template,
R-104848,other_text,fit,too_small,bust,no,,english,template,
R-104849,dropdown,not_as_shown,unspecified,,no,,none,dropdown_only,
R-104850,dropdown,fit,too_large,,no,,none,dropdown_only,
R-104851,dropdown,wrong_or_damaged,,,no,,none,dropdown_only,
R-104852,dropdown,fit,too_small,,no,,english,dropdown_plus_text,
R-104853,dropdown,quality,unspecified,,no,,none,dropdown_only,
R-104854,dropdown,fit,too_small,,no,,none,dropdown_only,
R-104855,dropdown,not_as_shown,unspecified,,no,,none,dropdown_only,
R-104856,other_text,fit,unclear,unclear,no,,hinglish,template,
R-104857,other_text,quality,unspecified,,no,,hinglish,template,
R-104858,other_text,unclear,,,no,,none,blank,
R-104859,dropdown,fit,too_small,,no,,none,dropdown_only,
R-104860,other_text,quality,thin_fabric,,no,,devanagari,template,
R-104861,dropdown,quality,unspecified,,no,,none,dropdown_only,
R-104862,other_text,not_as_shown,colour,,no,,hinglish,template,P5 V-18 Saree colour differs
R-104863,other_text,fit,too_large,bust,no,,hinglish,template,
R-104864,dropdown,fit,too_small,,no,,none,dropdown_only,P1 V-07 Kurti runs small at bust
R-104865,dropdown,not_as_shown,unspecified,,no,,none,dropdown_only,
R-104866,dropdown,fit,too_small,,no,,none,dropdown_only,
R-104867,other_text,fit,too_small,sleeves,no,,hinglish,template,
R-104868,dropdown,fit,too_small,,no,,none,dropdown_only,
R-104869,other_text,quality,shrinkage,,no,,hinglish,template,P4 V-31 Men's T-shirt shrinks
R-104870,dropdown,not_as_shown,unspecified,,no,,none,dropdown_only,
R-104871,dropdown,quality,unspecified,,no,,none,dropdown_only,P4 V-31 Men's T-shirt shrinks
R-104872,dropdown,fit,too_large,,no,,none,dropdown_only,
R-104873,other_text,fit,too_large,shoulders,no,,hinglish,template,
R-104874,other_text,fit,unclear,unclear,no,,hinglish,template,
R-104875,dropdown,changed_mind,,,no,,none,dropdown_only,
R-104876,dropdown,fit,too_large,,no,,none,dropdown_only,
R-104877,other_text,changed_mind,,,no,,hinglish,template,
R-104878,dropdown,fit,too_small,,no,,hinglish,dropdown_plus_text,
R-104879,dropdown,quality,unspecified,,no,,none,dropdown_only,
R-104880,dropdown,fit,too_small,,no,,none,dropdown_only,P2 V-12 Kids T-shirt runs small
R-104881,other_text,fit,too_small,waist,no,,hinglish,template,
R-104882,dropdown,not_as_shown,unspecified,,no,,none,dropdown_only,
R-104883,dropdown,changed_mind,,,no,,none,dropdown_only,
R-104884,other_text,not_as_shown,colour,,no,,english,template,P5 V-18 Saree colour differs
R-104885,dropdown,not_as_shown,unspecified,,no,,none,dropdown_only,P5 V-18 Saree colour differs
R-104886,other_text,fit,too_small,shoulders,no,,english,template,
R-104887,other_text,fit,too_small,waist,no,,devanagari,template,
R-104888,dropdown,quality,unspecified,,no,,none,dropdown_only,
R-104889,dropdown,wrong_or_damaged,,,no,,none,dropdown_only,
R-104890,dropdown,quality,unspecified,,no,,none,dropdown_only,
R-104891,dropdown,not_as_shown,unspecified,,no,,none,dropdown_only,
R-104892,other_text,fit,too_small,overall,no,,hinglish,template,P2 V-12 Kids T-shirt runs small
R-104893,dropdown,quality,unspecified,,no,,none,dropdown_only,P4 V-31 Men's T-shirt shrinks
R-104894,dropdown,wrong_or_damaged,,,no,,none,dropdown_only,
R-104895,other_text,not_as_shown,colour,,no,,english,template,P5 V-18 Saree colour differs
R-104896,other_text,fit,too_small,waist,no,,devanagari,template,
R-104897,other_text,fit,too_small,overall,no,,devanagari,template,
R-104898,dropdown,fit,too_small,,no,,none,dropdown_only,
R-104899,dropdown,not_as_shown,unspecified,,no,,none,dropdown_only,P5 V-18 Saree colour differs
R-104900,other_text,fit,unclear,unclear,no,,english,template,
R-104901,dropdown,fit,too_small,,no,,none,dropdown_only,
R-104902,dropdown,fit,too_small,,no,,none,dropdown_only,P2 V-12 Kids T-shirt runs small
R-104903,other_text,quality,thin_fabric,,no,,hinglish,template,
R-104904,dropdown,not_as_shown,unspecified,,no,,none,dropdown_only,
R-104905,dropdown,fit,too_small,,no,,none,dropdown_only,P2 V-12 Kids T-shirt runs small
R-104906,dropdown,quality,unspecified,,no,,none,dropdown_only,
R-104907,dropdown,quality,unspecified,,no,,none,dropdown_only,
R-104908,dropdown,not_as_shown,unspecified,,no,,none,missing_size,
R-104909,other_text,fit,too_large,length,no,,hinglish,template,
R-104910,other_text,wrong_or_damaged,,,no,,hinglish,template,
R-104911,other_text,fit,too_small,overall,no,,hinglish,template,P2 V-12 Kids T-shirt runs small
R-104912,dropdown,quality,unspecified,,no,,none,dropdown_only,
R-104913,dropdown,wrong_or_damaged,,,no,,hinglish,dropdown_plus_text,
R-104914,other_text,fit,too_large,length,no,,hinglish,template,
R-104915,dropdown,wrong_or_damaged,,,no,,none,dropdown_only,
R-104916,dropdown,fit,too_large,,no,,none,dropdown_only,P3 V-23 Palazzo runs long
R-104917,other_text,fit,too_small,length,no,,english,template,
R-104918,dropdown,fit,too_small,,no,,none,dropdown_only,
R-104919,other_text,fit,too_small,overall,no,,hinglish,template,P2 V-12 Kids T-shirt runs small
R-104920,other_text,fit,too_small,overall,no,,hinglish,template,
R-104921,other_text,fit,unclear,unclear,no,,hinglish,template,
R-104922,dropdown,not_as_shown,unspecified,,no,,none,dropdown_only,
R-104923,dropdown,wrong_or_damaged,,,no,,none,dropdown_only,
R-104924,other_text,fit,too_small,length,no,,hinglish,template,
R-104925,other_text,unclear,,,no,,hinglish,vague_or_junk,
R-104926,dropdown,fit,too_large,,no,,hinglish,dropdown_plus_text,
R-104927,dropdown,wrong_or_damaged,,,no,,none,dropdown_only,
R-104928,other_text,fit,unclear,unclear,no,,hinglish,template,
R-104929,dropdown,quality,unspecified,,no,,none,dropdown_only,P4 V-31 Men's T-shirt shrinks
R-104930,dropdown,delivery,,,no,,none,dropdown_only,
R-104931,dropdown,fit,too_small,,no,,none,dropdown_only,
R-104932,dropdown,fit,too_small,,no,,none,dropdown_only,
R-104933,dropdown,quality,unspecified,,no,,none,dropdown_only,P4 V-31 Men's T-shirt shrinks
R-104934,other_text,not_as_shown,colour,,no,,hinglish,template,
R-104935,dropdown,quality,unspecified,,no,,none,dropdown_only,
R-104936,dropdown,not_as_shown,unspecified,,no,,none,dropdown_only,
R-104937,other_text,fit,too_large,length,yes,quality,hinglish,two_reasons,
R-104938,other_text,fit,too_large,length,no,,hinglish,template,P3 V-23 Palazzo runs long
R-104939,dropdown,fit,too_large,,no,,none,dropdown_only,
R-104940,other_text,fit,too_small,bust,no,,hinglish,template,
R-104941,dropdown,fit,too_large,,no,,none,dropdown_only,
R-104942,other_text,not_as_shown,unspecified,,no,,hinglish,template,
R-104943,other_text,not_as_shown,colour,,no,,hinglish,template,
R-104944,other_text,fit,too_small,overall,no,,other_script,other_indian_script,
R-104945,dropdown,fit,too_small,,no,,none,dropdown_only,
R-104946,dropdown,changed_mind,,,no,,none,dropdown_only,
R-104947,other_text,delivery,,,no,,hinglish,template,
R-104948,other_text,fit,too_large,overall,no,,english,template,
R-104949,dropdown,fit,too_small,,no,,none,dropdown_only,
R-104950,dropdown,wrong_or_damaged,,,no,,none,dropdown_only,
R-104951,dropdown,fit,too_small,,no,,none,dropdown_only,
R-104952,other_text,fit,too_small,overall,no,,devanagari,template,
R-104953,other_text,fit,too_small,length,no,,hinglish,template,
R-104954,dropdown,wrong_or_damaged,,,no,,none,dropdown_only,
R-104955,other_text,unclear,,,no,,none,symbols_or_emoji,
R-104956,dropdown,fit,too_large,,no,,none,dropdown_only+duplicate_row,P3 V-23 Palazzo runs long
R-104957,other_text,fit,too_large,overall,yes,quality,hinglish,two_reasons,
R-104958,other_text,quality,shrinkage,,no,,hinglish,template,
R-104959,other_text,not_as_shown,colour,,no,,hinglish,template,
R-104960,other_text,unclear,,,no,,none,symbols_or_emoji,
R-104961,dropdown,fit,too_small,,no,,hinglish,dropdown_plus_text,
R-104962,other_text,fit,too_small,bust,no,,hinglish,template,
R-104963,dropdown,fit,too_large,,no,,none,dropdown_only,
R-104964,dropdown,changed_mind,,,no,,hinglish,dropdown_contradicts_text,
R-104965,dropdown,fit,too_small,,no,,none,dropdown_only,P1 V-07 Kurti runs small at bust
R-104966,dropdown,fit,too_small,,no,,none,dropdown_only,P1 V-07 Kurti runs small at bust
R-104967,dropdown,fit,too_large,,no,,none,dropdown_only,
R-104968,dropdown,quality,unspecified,,no,,none,dropdown_only,
R-104969,dropdown,fit,too_small,,no,,none,dropdown_only,
R-104970,dropdown,not_as_shown,unspecified,,no,,none,dropdown_only,
R-104971,dropdown,fit,too_small,,no,,none,dropdown_only,
R-104972,other_text,fit,too_small,bust,no,,hinglish,template,P1 V-07 Kurti runs small at bust
R-104973,dropdown,wrong_or_damaged,,,no,,none,dropdown_only,
R-104974,dropdown,fit,too_small,,no,,none,dropdown_only,
R-104975,other_text,fit,too_large,shoulders,no,,english,template,
R-104976,dropdown,wrong_or_damaged,,,no,,none,dropdown_only,
R-104977,dropdown,fit,too_large,,no,,none,dropdown_only,
R-104978,other_text,fit,too_large,length,no,,english,template,P3 V-23 Palazzo runs long
R-104979,other_text,not_as_shown,colour,,no,,hinglish,template,
R-104980,dropdown,fit,too_large,,no,,none,dropdown_only,
R-104981,other_text,changed_mind,,,no,,hinglish,template,
R-104982,dropdown,fit,too_small,,no,,none,dropdown_only,
R-104983,other_text,quality,colour_bleed,,no,,english,template,
R-104984,dropdown,quality,unspecified,,no,,none,dropdown_only,
R-104985,dropdown,changed_mind,,,no,,none,dropdown_only,
R-104986,other_text,fit,too_large,overall,no,,hinglish,template,
R-104987,dropdown,changed_mind,,,no,,none,dropdown_only,
R-104988,other_text,not_as_shown,colour,,no,,hinglish,personal_details,
R-104989,other_text,fit,too_small,overall,no,,hinglish,template,
R-104990,other_text,fit,too_large,shoulders,no,,hinglish,template,
R-104991,dropdown,fit,too_small,,no,,none,missing_size,
R-104992,other_text,fit,too_large,shoulders,no,,hinglish,template,
R-104993,other_text,fit,too_large,length,no,,hinglish,template,P3 V-23 Palazzo runs long
R-104994,dropdown,fit,too_large,,no,,none,dropdown_only,
R-104995,dropdown,not_as_shown,unspecified,,no,,none,dropdown_only,
R-104996,other_text,fit,too_small,overall,no,,hinglish,template,
R-104997,dropdown,fit,too_small,,no,,none,dropdown_only,P2 V-12 Kids T-shirt runs small
R-104998,other_text,changed_mind,,,no,,hinglish,template,
R-104999,dropdown,not_as_shown,unspecified,,no,,none,dropdown_only,
R-105000,dropdown,quality,unspecified,,no,,none,dropdown_only,
